{
  "project_info": {
    "project_number": "155999565333",
    "project_id": "telusur-be99f",
    "storage_bucket": "telusur-be99f.firebasestorage.app"
  },
  "client": [
    {
      "client_info": {
        "mobilesdk_app_id": "1:155999565333:android:f805884469fb59a147801c",
        "android_client_info": {
          "package_name": "com.telusur.app"
        }
      },
      "oauth_client": [],
      "api_key": [
        {
          "current_key": "AIzaSyCSyG8toaRzot_EGY9LE2ktgOiryZIyF9c"
        }
      ],
      "services": {
        "appinvite_service": {
          "other_platform_oauth_client": []
        }
      }
    }
  ],
  "configuration_version": "1"
}